,Table ID,Line,UniqueID,Stub,Data Release,Original Table,Original Variables,New Variables,CONCEPT,DOMAIN,MEASURE,Merge,Note
1,B01001,,,SEX BY AGE,"1,5",,,,,,,,
2,B01001,,,Universe:  Total population,NA,,,,,,,,
3,B01001,1,B01001_001,Total:,NA,1,0,0,,,,,
4,B01001,2,B01001_002,Male:,NA,1,0,0,,,,,
5,B01001,3,B01001_003,Under 5 years,NA,1,1,1,POP,Family,Male_Under_5_years,,
6,B01001,4,B01001_004,5 to 9 years,NA,1,1,1,POP,Family,Male_5_to_9_years,,
7,B01001,5,B01001_005,10 to 14 years,NA,1,1,1,POP,Family,Male_10_to_14_years,,
8,B01001,6,B01001_006,15 to 17 years,NA,1,1,1,POP,Family,Male_15_to_17_years,,
9,B01001,7,B01001_007,18 and 19 years,NA,1,1,1,POP,Family,M_F_18_and_19_years,1,
10,B01001,8,B01001_008,20 years,NA,1,1,1,POP,Family,Male_20_years,,
11,B01001,9,B01001_009,21 years,NA,1,1,1,POP,Family,Male_21_years,,
12,B01001,10,B01001_010,22 to 24 years,NA,1,1,1,POP,Family,Male_22_to_24_years,,
13,B01001,11,B01001_011,25 to 29 years,NA,1,1,1,POP,Family,Male_25_to_29_years,,
14,B01001,12,B01001_012,30 to 34 years,NA,1,1,1,POP,Family,Male_30_to_34_years,,
15,B01001,13,B01001_013,35 to 39 years,NA,1,1,1,POP,Family,Male_35_to_39_years,,
16,B01001,14,B01001_014,40 to 44 years,NA,1,1,1,POP,Family,Male_40_to_44_years,,
17,B01001,15,B01001_015,45 to 49 years,NA,1,1,1,POP,Family,Male_45_to_49_years,,
18,B01001,16,B01001_016,50 to 54 years,NA,1,1,1,POP,Family,Male_50_to_54_years,,
19,B01001,17,B01001_017,55 to 59 years,NA,1,1,1,POP,Family,Male_55_to_59_years,,
20,B01001,18,B01001_018,60 and 61 years,NA,1,1,1,POP,Family,Male_60_and_61_years,,
21,B01001,19,B01001_019,62 to 64 years,NA,1,1,1,POP,Family,Male_62_to_64_years,,
22,B01001,20,B01001_020,65 and 66 years,NA,1,1,1,POP,Family,Male_65_and_66_years,,
23,B01001,21,B01001_021,67 to 69 years,NA,1,1,1,POP,Family,Male_67_to_69_years,,
24,B01001,22,B01001_022,70 to 74 years,NA,1,1,1,POP,Family,Male_70_to_74_years,,
25,B01001,23,B01001_023,75 to 79 years,NA,1,1,1,POP,Family,Male_75_to_79_years,,
26,B01001,24,B01001_024,80 to 84 years,NA,1,1,1,POP,Family,Male_80_to_84_years,,
27,B01001,25,B01001_025,85 years and over,NA,1,1,1,POP,Family,Male_85_years_and_over,,
28,B01001,26,B01001_026,Female:,NA,1,0,0,,,,,
29,B01001,27,B01001_027,Under 5 years,NA,1,1,1,POP,Family,Female_Under_5_years,,
30,B01001,28,B01001_028,5 to 9 years,NA,1,1,1,POP,Family,Female_5_to_9_years,,
31,B01001,29,B01001_029,10 to 14 years,NA,1,1,1,POP,Family,Female_10_to_14_years,,
32,B01001,30,B01001_030,15 to 17 years,NA,1,1,1,POP,Family,Female_15_to_17_years,,
33,B01001,31,B01001_031,18 and 19 years,NA,1,1,1,POP,Family,M_F_18_and_19_years,1,
34,B01001,32,B01001_032,20 years,NA,1,1,1,POP,Family,Female_20_years,,
35,B01001,33,B01001_033,21 years,NA,1,1,1,POP,Family,Female_21_years,,
36,B01001,34,B01001_034,22 to 24 years,NA,1,1,1,POP,Family,Female_22_to_24_years,,
37,B01001,35,B01001_035,25 to 29 years,NA,1,1,1,POP,Family,Female_25_to_29_years,,
38,B01001,36,B01001_036,30 to 34 years,NA,1,1,1,POP,Family,Female_30_to_34_years,,
39,B01001,37,B01001_037,35 to 39 years,NA,1,1,1,POP,Family,Female_35_to_39_years,,
40,B01001,38,B01001_038,40 to 44 years,NA,1,1,1,POP,Family,Female_40_to_44_years,,
41,B01001,39,B01001_039,45 to 49 years,NA,1,1,1,POP,Family,Female_45_to_49_years,,
42,B01001,40,B01001_040,50 to 54 years,NA,1,1,1,POP,Family,Female_50_to_54_years,,
43,B01001,41,B01001_041,55 to 59 years,NA,1,1,1,POP,Family,Female_55_to_59_years,,
44,B01001,42,B01001_042,60 and 61 years,NA,1,1,1,POP,Family,Female_60_and_61_years,,
45,B01001,43,B01001_043,62 to 64 years,NA,1,1,1,POP,Family,Female_62_to_64_years,,
46,B01001,44,B01001_044,65 and 66 years,NA,1,1,1,POP,Family,Female_65_and_66_years,,
47,B01001,45,B01001_045,67 to 69 years,NA,1,1,1,POP,Family,Female_67_to_69_years,,
48,B01001,46,B01001_046,70 to 74 years,NA,1,1,1,POP,Family,Female_70_to_74_years,,
49,B01001,47,B01001_047,75 to 79 years,NA,1,1,1,POP,Family,Female_75_to_79_years,,
50,B01001,48,B01001_048,80 to 84 years,NA,1,1,1,POP,Family,Female_80_to_84_years,,
51,B01001,49,B01001_049,85 years and over,NA,1,1,1,POP,Family,Female_85_years_and_over,,
52,B02001,,,RACE,"1,5",,,,,,,,
53,B02001,,,Universe:  Total population,NA,,,,,,,,
54,B02001,1,B02001_001,Total:,NA,1,0,0,,,,,
55,B02001,2,B02001_002,White alone,NA,1,1,1,POP,Race / Ancestory / Citizenship,White_alone,,
56,B02001,3,B02001_003,Black or African American alone,NA,1,1,1,POP,Race / Ancestory / Citizenship,Black_or_African_American_alone,,
57,B02001,4,B02001_004,American Indian and Alaska Native alone,NA,1,1,1,POP,Race / Ancestory / Citizenship,American_Indian_and_Alaska_Native_alone,,
58,B02001,5,B02001_005,Asian alone,NA,1,1,1,POP,Race / Ancestory / Citizenship,Asian_Alone,,
59,B02001,6,B02001_006,Native Hawaiian and Other Pacific Islander alone,NA,1,0,0,,,,,
60,B02001,7,B02001_007,Some other race alone,NA,1,0,0,,,,,
61,B02001,8,B02001_008,Two or more races:,NA,1,0,0,,,,,
62,B02001,9,B02001_009,Two races including Some other race,NA,1,0,0,,,,,
63,B02001,10,B02001_010,"Two races excluding Some other race, and three or more races",NA,1,0,0,,,,,
64,C02003,,,DETAILED RACE,"1,5",,,,,,,,
65,C02003,,,Universe:  Total population,NA,,,,,,,,
66,C02003,1,C02003_001,Total:,NA,0,0,,,,,,
67,C02003,2,C02003_002,Population of one race:,NA,0,0,,,,,,
68,C02003,3,C02003_003,White,NA,0,0,,,,,,
69,C02003,4,C02003_004,Black or African American,NA,0,0,,,,,,
70,C02003,5,C02003_005,American Indian and Alaska Native,NA,0,0,,,,,,
71,C02003,6,C02003_006,Asian,NA,0,0,,,,,,
72,C02003,7,C02003_007,Native Hawaiian and Other Pacific Islander,NA,0,0,,,,,,
73,C02003,8,C02003_008,Some other race,NA,0,0,,,,,,
74,C02003,9,C02003_009,Population of two or more races:,NA,0,0,,,,,,
75,C02003,10,C02003_010,Two races including Some other race,NA,0,0,,,,,,
76,C02003,11,C02003_011,"Two races excluding Some other race, and three or more races",NA,0,0,,,,,,
77,C02003,12,C02003_012,Population of two races:,NA,0,1,1,POP,Race / Ancestory / Citizenship,Population_of_two_races,,
78,C02003,13,C02003_013,White; Black or African American,NA,0,0,,,,,,
79,C02003,14,C02003_014,White; American Indian and Alaska Native,NA,0,0,,,,,,
80,C02003,15,C02003_015,White; Asian,NA,0,0,,,,,,
81,C02003,16,C02003_016,Black or African American; American Indian and Alaska Native,NA,0,0,,,,,,
82,C02003,17,C02003_017,All other two race combinations,NA,0,0,,,,,,
83,C02003,18,C02003_018,Population of three races,NA,0,1,1,POP,Race / Ancestory / Citizenship,Population_of_three_races,,
84,C02003,19,C02003_019,Population of four or more races,NA,0,0,,,,,,
85,B03002,,,HISPANIC OR LATINO ORIGIN BY RACE,"1,5",,,,,,,,
86,B03002,,,Universe:  Total population,NA,,,,,,,,
87,B03002,1,B03002_001,Total:,NA,0,0,0,,,,,
88,B03002,2,B03002_002,Not Hispanic or Latino:,NA,0,0,0,,,,,
89,B03002,3,B03002_003,White alone,NA,0,0,0,,,,,
90,B03002,4,B03002_004,Black or African American alone,NA,0,0,0,,,,,
91,B03002,5,B03002_005,American Indian and Alaska Native alone,NA,0,0,0,,,,,
92,B03002,6,B03002_006,Asian alone,NA,0,0,0,,,,,
93,B03002,7,B03002_007,Native Hawaiian and Other Pacific Islander alone,NA,0,0,0,,,,,
94,B03002,8,B03002_008,Some other race alone,NA,0,0,0,,,,,
95,B03002,9,B03002_009,Two or more races:,NA,0,0,0,,,,,
96,B03002,10,B03002_010,Two races including Some other race,NA,0,0,0,,,,,
97,B03002,11,B03002_011,"Two races excluding Some other race, and three or more races",NA,0,0,0,,,,,
98,B03002,12,B03002_012,Hispanic or Latino:,NA,0,0,0,,,,,
99,B03002,13,B03002_013,White alone,NA,0,0,0,,,,,
100,B03002,14,B03002_014,Black or African American alone,NA,0,0,0,,,,,
101,B03002,15,B03002_015,American Indian and Alaska Native alone,NA,0,0,0,,,,,
102,B03002,16,B03002_016,Asian alone,NA,0,0,0,,,,,
103,B03002,17,B03002_017,Native Hawaiian and Other Pacific Islander alone,NA,0,0,0,,,,,
104,B03002,18,B03002_018,Some other race alone,NA,0,0,0,,,,,
105,B03002,19,B03002_019,Two or more races:,NA,0,0,0,,,,,
106,B03002,20,B03002_020,Two races including Some other race,NA,0,0,0,,,,,
107,B03002,21,B03002_021,"Two races excluding Some other race, and three or more races",NA,0,0,0,,,,,
108,B03003,,,HISPANIC OR LATINO ORIGIN,"1,5",,,,,,,,
109,B03003,,,Universe:  Total population,NA,,,,,,,,
110,B03003,1,B03003_001,Total:,NA,0,0,0,,,,,
111,B03003,2,B03003_002,Not Hispanic or Latino,NA,0,0,0,,,,,
112,B03003,3,B03003_003,Hispanic or Latino,NA,0,0,1,POP,Race / Ancestory / Citizenship,Hispanic_or_Latino,,
113,B08007,,,SEX OF WORKERS BY PLACE OF WORK--STATE AND COUNTY LEVEL,"1,5",,,,,,,,
114,B08007,,,Universe:  Workers 16 years and over,NA,,,,,,,,
115,B08007,1,B08007_001,Total:,NA,0,0,0,,,,,
116,B08007,2,B08007_002,Worked in state of residence:,NA,0,0,0,,,,,
117,B08007,3,B08007_003,Worked in county of residence,NA,0,0,1,ECONOMY,Mobility,work_in_county,,
118,B08007,4,B08007_004,Worked outside county of residence,NA,0,0,0,,,,,
119,B08007,5,B08007_005,Worked outside state of residence,NA,0,0,0,,,,,
120,B08007,6,B08007_006,Male:,NA,0,0,0,,,,,
121,B08007,7,B08007_007,Worked in state of residence:,NA,0,0,0,,,,,
122,B08007,8,B08007_008,Worked in county of residence,NA,0,0,0,,,,,
123,B08007,9,B08007_009,Worked outside county of residence,NA,0,0,0,,,,,
124,B08007,10,B08007_010,Worked outside state of residence,NA,0,0,0,,,,,
125,B08007,11,B08007_011,Female:,NA,0,0,0,,,,,
126,B08007,12,B08007_012,Worked in state of residence:,NA,0,0,0,,,,,
127,B08007,13,B08007_013,Worked in county of residence,NA,0,0,0,,,,,
128,B08007,14,B08007_014,Worked outside county of residence,NA,0,0,0,,,,,
129,B08007,15,B08007_015,Worked outside state of residence,NA,0,0,0,,,,,
130,B08008,,,SEX OF WORKERS BY PLACE OF WORK--PLACE LEVEL,"1,5",,,,,,,,
131,B08008,,,Universe:  Workers 16 years and over,NA,,,,,,,,
132,B08008,1,B08008_001,Total:,NA,0,0,0,,,,,
133,B08008,2,B08008_002,Living in a place:,NA,0,0,0,,,,,
134,B08008,3,B08008_003,Worked in place of residence,NA,0,0,1,ECONOMY,Mobility,residential_worker,,
135,B08008,4,B08008_004,Worked outside place of residence,NA,0,0,0,,,,,
136,B08008,5,B08008_005,Not living in a place,NA,0,0,0,,,,,
137,B08008,6,B08008_006,Male:,NA,0,0,0,,,,,
138,B08008,7,B08008_007,Living in a place:,NA,0,0,0,,,,,
139,B08008,8,B08008_008,Worked in place of residence,NA,0,0,0,,,,,
140,B08008,9,B08008_009,Worked outside place of residence,NA,0,0,0,,,,,
141,B08008,10,B08008_010,Not living in a place,NA,0,0,0,,,,,
142,B08008,11,B08008_011,Female:,NA,0,0,0,,,,,
143,B08008,12,B08008_012,Living in a place:,NA,0,0,0,,,,,
144,B08008,13,B08008_013,Worked in place of residence,NA,0,0,0,,,,,
145,B08008,14,B08008_014,Worked outside place of residence,NA,0,0,0,,,,,
146,B08008,15,B08008_015,Not living in a place,NA,0,0,0,,,,,
147,B08009,,,"SEX OF WORKERS BY PLACE OF WORK--MINOR CIVIL DIVISION LEVEL FOR 12 SELECTED STATES (CT, ME, MA, MI, MN, NH, NJ, NY, PA, RI, VT, WI)","1,5",,,,,,,,
148,B08009,,,Universe:  Workers 16 years and over,NA,,,,,,,,
149,B08009,1,B08009_001,Total:,NA,0,0,0,,,,,
150,B08009,2,B08009_002,Living in the 12 selected states:,NA,0,0,0,,,,,
151,B08009,3,B08009_003,Worked in MCD of residence,NA,0,0,0,,,,,
152,B08009,4,B08009_004,Worked outside MCD of residence,NA,0,0,0,,,,,
153,B08009,5,B08009_005,Not living in the 12 selected states,NA,0,0,0,,,,,
154,B08009,6,B08009_006,Male:,NA,0,0,0,,,,,
155,B08009,7,B08009_007,Living in the 12 selected states:,NA,0,0,0,,,,,
156,B08009,8,B08009_008,Worked in MCD of residence,NA,0,0,0,,,,,
157,B08009,9,B08009_009,Worked outside MCD of residence,NA,0,0,0,,,,,
158,B08009,10,B08009_010,Not living in the 12 selected states,NA,0,0,0,,,,,
159,B08009,11,B08009_011,Female:,NA,0,0,0,,,,,
160,B08009,12,B08009_012,Living in the 12 selected states:,NA,0,0,0,,,,,
161,B08009,13,B08009_013,Worked in MCD of residence,NA,0,0,0,,,,,
162,B08009,14,B08009_014,Worked outside MCD of residence,NA,0,0,0,,,,,
163,B08009,15,B08009_015,Not living in the 12 selected states,NA,0,0,0,,,,,
164,B08013,,,AGGREGATE TRAVEL TIME TO WORK (IN MINUTES) OF WORKERS BY SEX,"1,5",,,,,,,,
165,B08013,,,Universe:  Workers 16 years and over who did not work from home,NA,,,,,,,,
166,B08013,1,B08013_001,Aggregate travel time to work (in minutes):,NA,0,0,0,,,,,
167,B08013,2,B08013_002,Male,NA,0,0,0,,,,,
168,B08013,3,B08013_003,Female,NA,0,0,0,,,,,
169,B08015,,,"AGGREGATE NUMBER OF VEHICLES (CAR, TRUCK, OR VAN) USED IN COMMUTING BY WORKERS 16 YEARS AND OVER BY SEX","1,5",,,,,,,,
170,B08015,,,"Universe:  Workers whose means of transportation is car, truck, or van",NA,,,,,,,,
171,B08015,1,B08015_001,"Aggregate number of vehicles (car, truck, or van) used in commuting:",NA,0,0,0,,,,,
172,B08015,2,B08015_002,Male,NA,0,0,0,,,,,
173,B08015,3,B08015_003,Female,NA,0,0,0,,,,,
174,B08301,,,MEANS OF TRANSPORTATION TO WORK,"1,5",,,,,,,,
175,B08301,,,Universe:  Workers 16 years and over,NA,,,,,,,,
176,B08301,1,B08301_001,Total:,NA,1,0,0,,,,,
177,B08301,2,B08301_002,"Car, truck, or van:",NA,1,0,1,ECONOMY,Transport,Car_commuting,,
178,B08301,3,B08301_003,Drove alone,NA,1,0,0,,,,,
179,B08301,4,B08301_004,Carpooled:,NA,1,0,0,,,,,
180,B08301,5,B08301_005,In 2-person carpool,NA,1,0,0,,,,,
181,B08301,6,B08301_006,In 3-person carpool,NA,1,0,0,,,,,
182,B08301,7,B08301_007,In 4-person carpool,NA,1,0,0,,,,,
183,B08301,8,B08301_008,In 5- or 6-person carpool,NA,1,0,0,,,,,
184,B08301,9,B08301_009,In 7-or-more-person carpool,NA,1,0,0,,,,,
185,B08301,10,B08301_010,Public transportation (excluding taxicab):,NA,1,1,1,ECONOMY,Transport,Public_transport_commuting,,
186,B08301,11,B08301_011,Bus,NA,1,0,0,,,,,
187,B08301,12,B08301_012,Subway or elevated rail,NA,1,0,0,,,,,
188,B08301,13,B08301_013,Long-distance train or commuter rail,NA,1,0,0,,,,,
189,B08301,14,B08301_014,"Light rail, streetcar or trolley (carro público in Puerto Rico)",NA,1,0,0,,,,,
190,B08301,15,B08301_015,Ferryboat,NA,1,0,0,,,,,
191,B08301,16,B08301_016,Taxicab,NA,1,0,0,,,,,
192,B08301,17,B08301_017,Motorcycle,NA,1,0,0,,,,,
193,B08301,18,B08301_018,Bicycle,NA,1,0,1,ECONOMY,Transport,Bike_commuting,,
194,B08301,19,B08301_019,Walked,NA,1,0,1,ECONOMY,Transport,Walk_commuting,,
195,B08301,20,B08301_020,Other means,NA,1,0,0,,,,,
196,B08301,21,B08301_021,Worked from home,NA,1,0,1,ECONOMY,Transport,Worked_From_Home,,
197,B08302,,,TIME OF DEPARTURE TO GO TO WORK,"1,5",0,0,,,,,,
198,B08302,,,Universe:  Workers 16 years and over who did not work from home,NA,0,0,,,,,,
199,B08302,1,B08302_001,Total:,NA,0,0,0,,,,,
200,B08302,2,B08302_002,12:00 a.m. to 4:59 a.m.,NA,0,0,1,ECONOMY,Start Work Time,12-00_am_to_4-59_am,,
201,B08302,3,B08302_003,5:00 a.m. to 5:29 a.m.,NA,0,0,1,ECONOMY,Start Work Time,5-00_am_to_5-29_am,,
202,B08302,4,B08302_004,5:30 a.m. to 5:59 a.m.,NA,0,0,1,ECONOMY,Start Work Time,5-30_am_to_5-59_am,,
203,B08302,5,B08302_005,6:00 a.m. to 6:29 a.m.,NA,0,0,1,ECONOMY,Start Work Time,6-00_am_to_6-29_am,,
204,B08302,6,B08302_006,6:30 a.m. to 6:59 a.m.,NA,0,0,1,ECONOMY,Start Work Time,6-30_am_to_6-59_am,,
205,B08302,7,B08302_007,7:00 a.m. to 7:29 a.m.,NA,0,0,1,ECONOMY,Start Work Time,7-00_am_to_7-29_am,,
206,B08302,8,B08302_008,7:30 a.m. to 7:59 a.m.,NA,0,0,1,ECONOMY,Start Work Time,7-30_am_to_7-59_am,,
207,B08302,9,B08302_009,8:00 a.m. to 8:29 a.m.,NA,0,0,1,ECONOMY,Start Work Time,8-00_am_to_8-29_am,,
208,B08302,10,B08302_010,8:30 a.m. to 8:59 a.m.,NA,0,0,1,ECONOMY,Start Work Time,8-30_am_to_8-59_am,,
209,B08302,11,B08302_011,9:00 a.m. to 9:59 a.m.,NA,0,0,1,ECONOMY,Start Work Time,9-00_am_to_9-59_am,,
210,B08302,12,B08302_012,10:00 a.m. to 10:59 a.m.,NA,0,0,1,ECONOMY,Start Work Time,10-00_am_to_10-59_am,,
211,B08302,13,B08302_013,11:00 a.m. to 11:59 a.m.,NA,0,0,1,ECONOMY,Start Work Time,11-00_am_to_11-59_am,,
212,B08302,14,B08302_014,12:00 p.m. to 3:59 p.m.,NA,0,0,1,ECONOMY,Start Work Time,12-00_pm_to_3-59_pm,,
213,B08302,15,B08302_015,4:00 p.m. to 11:59 p.m.,NA,0,0,1,ECONOMY,Start Work Time,4-00_pm_to_11-59_pm,,
214,B08303,,,TRAVEL TIME TO WORK,"1,5",,,,,,,,
215,B08303,,,Universe:  Workers 16 years and over who did not work from home,NA,,,,,,,,
216,B08303,1,B08303_001,Total:,NA,1,0,0,,,,,
217,B08303,2,B08303_002,Less than 5 minutes,NA,1,0,1,ECONOMY,Mobility,Less_than_5_minutes,,
218,B08303,3,B08303_003,5 to 9 minutes,NA,1,1,1,ECONOMY,Mobility,Commute_5_to_9_minutes,,
219,B08303,4,B08303_004,10 to 14 minutes,NA,1,1,1,ECONOMY,Mobility,Commute_10_to_14_minutes,,
220,B08303,5,B08303_005,15 to 19 minutes,NA,1,1,1,ECONOMY,Mobility,Commute_15_to_19_minutes,,
221,B08303,6,B08303_006,20 to 24 minutes,NA,1,1,1,ECONOMY,Mobility,Commute_20_to_24_minutes,,
222,B08303,7,B08303_007,25 to 29 minutes,NA,1,1,1,ECONOMY,Mobility,Commute_25_to_29_minutes,,
223,B08303,8,B08303_008,30 to 34 minutes,NA,1,1,1,ECONOMY,Mobility,Commute_30_to_34_minutes,,
224,B08303,9,B08303_009,35 to 39 minutes,NA,1,1,1,ECONOMY,Mobility,Commute_35_to_39_minutes,,
225,B08303,10,B08303_010,40 to 44 minutes,NA,1,1,1,ECONOMY,Mobility,Commute_40_to_44_minutes,,
226,B08303,11,B08303_011,45 to 59 minutes,NA,1,1,1,ECONOMY,Mobility,Commute_45_to_59_minutes,,
227,B08303,12,B08303_012,60 to 89 minutes,NA,1,1,1,ECONOMY,Mobility,Commute_60_to_89_minutes,,
228,B08303,13,B08303_013,90 or more minutes,NA,1,1,1,ECONOMY,Mobility,Commute_90_or_more_minutes,,
229,B09019,,,HOUSEHOLD TYPE (INCLUDING LIVING ALONE) BY RELATIONSHIP,"1,5",,,,,,,,
230,B09019,,,Universe:  Total population,NA,,,,,,,,
231,B09019,1,B09019_001,Total:,NA,0,0,0,,,,,
232,B09019,2,B09019_002,In households:,NA,0,0,0,,,,,
233,B09019,3,B09019_003,Householder:,NA,0,0,0,,,,,
234,B09019,4,B09019_004,Male:,NA,0,0,0,,,,,
235,B09019,5,B09019_005,Living alone,NA,0,0,1,POP,Household,Male_alone,,
236,B09019,6,B09019_006,Not living alone,NA,0,0,0,,,,,
237,B09019,7,B09019_007,Female:,NA,0,0,0,,,,,
238,B09019,8,B09019_008,Living alone,NA,0,0,1,POP,Household,Female_alone,,
239,B09019,9,B09019_009,Not living alone,NA,0,0,0,,,,,
240,B09019,10,B09019_010,Opposite-sex spouse,NA,0,0,0,,,,,
241,B09019,11,B09019_011,Same-sex spouse,NA,0,0,1,POP,Household,Same_Sex_Spouse,,
242,B09019,12,B09019_012,Opposite-sex unmarried partner,NA,0,0,0,,,,,
243,B09019,13,B09019_013,Same-sex unmarried partner,NA,0,0,0,,Household,Same_Sex_Unmarried,,
244,B09019,14,B09019_014,Child:,NA,0,0,0,,,,,
245,B09019,15,B09019_015,Biological child,NA,0,0,1,POP,Children,Biological_child,,
246,B09019,16,B09019_016,Adopted child,NA,0,0,0,POP,Children,Adopted_child,,
247,B09019,17,B09019_017,Stepchild,NA,0,0,0,POP,Children,Stepchild,,
248,B09019,18,B09019_018,Grandchild,NA,0,0,0,POP,Children,Grandchild,,
249,B09019,19,B09019_019,Brother or sister,NA,0,0,0,,,,,
250,B09019,20,B09019_020,Parent,NA,0,0,0,,,,,
251,B09019,21,B09019_021,Parent-in-law,NA,0,0,0,,,,,
252,B09019,22,B09019_022,Son-in-law or daughter-in-law,NA,0,0,0,,,,,
253,B09019,23,B09019_023,Other relatives,NA,0,0,0,,,,,
254,B09019,24,B09019_024,Foster child,NA,0,0,0,,,,,
255,B09019,25,B09019_025,Other nonrelatives,NA,0,0,0,,,,,
256,B09019,26,B09019_026,In group quarters,NA,0,0,1,POP,Housing,Group Quarters,,
257,B11001,,,HOUSEHOLD TYPE (INCLUDING LIVING ALONE),"1,5",,,,,,,,
258,B11001,,,Universe:  Households,NA,,,,,,,,
259,B11001,1,B11001_001,Total:,NA,1,0,0,,,,,
260,B11001,2,B11001_002,Family households:,NA,1,0,0,,,,,
261,B11001,3,B11001_003,Married-couple family,NA,1,1,1,POP,Family Structure,Married_couple_family,,
262,B11001,4,B11001_004,Other family:,NA,1,0,0,,,,,
263,B11001,5,B11001_005,"Male householder, no spouse present",NA,1,0,0,,,,,
264,B11001,6,B11001_006,"Female householder, no spouse present",NA,1,0,0,,,,,
265,B11001,7,B11001_007,Nonfamily households:,NA,1,0,0,,,,,
266,B11001,8,B11001_008,Householder living alone,NA,1,0,0,,,,,
267,B11001,9,B11001_009,Householder not living alone,NA,1,0,0,,,,,
268,B11009,,,COUPLED HOUSEHOLDS BY TYPE,"1,5",,,,,,,,
269,B11009,,,Universe:  Households,NA,,,,,,,,
270,B11009,1,B11009_001,Total:,NA,1,0,0,,,,,Not available 2019
271,B11009,2,B11009_002,Married couple households:,NA,1,0,0,,,,,Not available 2019
272,B11009,3,B11009_003,Opposite-sex,NA,1,1,0,,,,,Not available 2019
273,B11009,4,B11009_004,Same-sex:,NA,1,0,0,,,,,Not available 2019
274,B11009,5,B11009_005,Male householder and male spouse,NA,1,1,0,,,,,Not available 2019
275,B11009,6,B11009_006,Female householder and female spouse,NA,1,0,0,,,,,Not available 2019
276,B11009,7,B11009_007,Cohabiting couple households:,NA,1,0,0,,,,,Not available 2019
277,B11009,8,B11009_008,Opposite-sex,NA,1,0,0,,,,,Not available 2019
278,B11009,9,B11009_009,Same-sex:,NA,1,0,0,,,,,Not available 2019
279,B11009,10,B11009_010,Male householder and male partner,NA,1,0,0,,,,,Not available 2019
280,B11009,11,B11009_011,Female householder and female partner,NA,1,0,0,,,,,Not available 2019
281,B11009,12,B11009_012,All other households,NA,1,0,0,,,,,Not available 2019
282,B11017,,,MULTIGENERATIONAL HOUSEHOLDS,"1,5",,,,,,,,
283,B11017,,,Universe:  Total households,NA,,,,,,,,
284,B11017,1,B11017_001,Total:,NA,0,0,0,,,,,
285,B11017,2,B11017_002,Multigenerational households,NA,0,0,0,,,,,Not Available
286,B11017,3,B11017_003,All other households,NA,0,0,0,,,,,
287,B12001,,,SEX BY MARITAL STATUS FOR THE POPULATION 15 YEARS AND OVER,"1,5",0,0,0,,,,,
288,B12001,,,Universe:  Population 15 years and over,NA,0,0,0,,,,,
289,B12001,1,B12001_001,Total:,NA,0,0,0,,,,,
290,B12001,2,B12001_002,Male:,NA,0,0,0,,,,,
291,B12001,3,B12001_003,Never married,NA,0,0,1,POP,Marriage,Never_married_male,,
292,B12001,4,B12001_004,Now married:,NA,0,0,0,,,,,
293,B12001,5,B12001_005,"Married, spouse present",NA,0,0,0,,,,,
294,B12001,6,B12001_006,"Married, spouse absent:",NA,0,0,0,,,,,
295,B12001,7,B12001_007,Separated,NA,0,0,1,POP,Marriage,Separated_male,,
296,B12001,8,B12001_008,Other,NA,0,0,0,,,,,
297,B12001,9,B12001_009,Widowed,NA,0,0,1,POP,Marriage,Widowed_male,,
298,B12001,10,B12001_010,Divorced,NA,0,0,1,POP,Marriage,Divorced_male,,
299,B12001,11,B12001_011,Female:,NA,0,0,0,,,,,
300,B12001,12,B12001_012,Never married,NA,0,0,1,POP,Marriage,Never_married_female,,
301,B12001,13,B12001_013,Now married:,NA,0,0,0,,,,,
302,B12001,14,B12001_014,"Married, spouse present",NA,0,0,0,,,,,
303,B12001,15,B12001_015,"Married, spouse absent:",NA,0,0,0,,,,,
304,B12001,16,B12001_016,Separated,NA,0,0,1,POP,Marriage,Separated_female,,
305,B12001,17,B12001_017,Other,NA,0,0,0,,,,,
306,B12001,18,B12001_018,Widowed,NA,0,0,1,POP,Marriage,Widowed_female,,
307,B12001,19,B12001_019,Divorced,NA,0,0,1,POP,Marriage,Divorced_female,,
308,B15003,,,EDUCATIONAL ATTAINMENT FOR THE POPULATION 25 YEARS AND OVER,"1,5",0,0,,,,,,
309,B15003,,,Universe:  Population 25 years and over,NA,0,0,,,,,,
310,B15003,1,B15003_001,Total:,NA,0,0,0,,,,,
311,B15003,2,B15003_002,No schooling completed,NA,0,0,1,POP,Education,No_schooling_completed,,
312,B15003,3,B15003_003,Nursery school,NA,0,0,1,POP,Education,Nursery_school,,
313,B15003,4,B15003_004,Kindergarten,NA,0,0,1,POP,Education,Kindergarten,,
314,B15003,5,B15003_005,1st grade,NA,0,0,1,POP,Education,1st_grade,,
315,B15003,6,B15003_006,2nd grade,NA,0,0,1,POP,Education,2nd_grade,,
316,B15003,7,B15003_007,3rd grade,NA,0,0,1,POP,Education,3rd_grade,,
317,B15003,8,B15003_008,4th grade,NA,0,0,1,POP,Education,4th_grade,,
318,B15003,9,B15003_009,5th grade,NA,0,0,1,POP,Education,5th_grade,,
319,B15003,10,B15003_010,6th grade,NA,0,0,1,POP,Education,6th_grade,,
320,B15003,11,B15003_011,7th grade,NA,0,0,1,POP,Education,7th_grade,,
321,B15003,12,B15003_012,8th grade,NA,0,0,1,POP,Education,8th_grade,,
322,B15003,13,B15003_013,9th grade,NA,0,0,1,POP,Education,9th_grade,,
323,B15003,14,B15003_014,10th grade,NA,0,0,1,POP,Education,10th_grade,,
324,B15003,15,B15003_015,11th grade,NA,0,0,1,POP,Education,11th_grade,,
325,B15003,16,B15003_016,"12th grade, no diploma",NA,0,0,1,POP,Education,12th_grade_no_diploma,,
326,B15003,17,B15003_017,Regular high school diploma,NA,0,0,0,,,,,
327,B15003,18,B15003_018,GED or alternative credential,NA,0,0,1,POP,Education,GED_or_alternative_credential,,
328,B15003,19,B15003_019,"Some college, less than 1 year",NA,0,0,1,POP,Education,Some_college_less_than_1_year,,
329,B15003,20,B15003_020,"Some college, 1 or more years, no degree",NA,0,0,1,POP,Education,Some_college_1_or_more_years_no_degree,,
330,B15003,21,B15003_021,Associate's degree,NA,0,0,1,POP,Education,Associates_degree,,
331,B15003,22,B15003_022,Bachelor's degree,NA,0,0,1,POP,Education,Bachelors_degree,,
332,B15003,23,B15003_023,Master's degree,NA,0,0,1,POP,Education,Masters_degree,,
333,B15003,24,B15003_024,Professional school degree,NA,0,0,1,POP,Education,Professional_school_degree,,
334,B15003,25,B15003_025,Doctorate degree,NA,0,0,1,POP,Education,Doctorate_degree,,
335,B16004,,,AGE BY LANGUAGE SPOKEN AT HOME BY ABILITY TO SPEAK ENGLISH FOR THE POPULATION 5 YEARS AND OVER,"1,5",,,,,,,,
336,B16004,,,Universe:  Population 5 years and over,NA,,,,,,,,
337,B16004,1,B16004_001,Total:,NA,0,0,0,,,,,
338,B16004,2,B16004_002,5 to 17 years:,NA,0,0,0,,,,,
339,B16004,3,B16004_003,Speak only English,NA,0,0,0,,,,,
340,B16004,4,B16004_004,Speak Spanish:,NA,0,0,0,,,,,
341,B16004,5,B16004_005,"Speak English ""very well""",NA,0,0,0,,,,,
342,B16004,6,B16004_006,"Speak English ""well""",NA,0,0,0,,,,,
343,B16004,7,B16004_007,"Speak English ""not well""",NA,0,0,0,,,,,
344,B16004,8,B16004_008,"Speak English ""not at all""",NA,0,0,0,,,,,
345,B16004,9,B16004_009,Speak other Indo-European languages:,NA,0,0,1,POP,Language,Speak_other_Indo_European_languages,1,
346,B16004,10,B16004_010,"Speak English ""very well""",NA,0,0,0,,,,,
347,B16004,11,B16004_011,"Speak English ""well""",NA,0,0,0,,,,,
348,B16004,12,B16004_012,"Speak English ""not well""",NA,0,0,0,,,,,
349,B16004,13,B16004_013,"Speak English ""not at all""",NA,0,0,0,,,,,
350,B16004,14,B16004_014,Speak Asian and Pacific Island languages:,NA,0,0,1,POP,Language,Speak_Asian_and_Pacific_Island_languages,1,
351,B16004,15,B16004_015,"Speak English ""very well""",NA,0,0,0,,,,,
352,B16004,16,B16004_016,"Speak English ""well""",NA,0,0,0,,,,,
353,B16004,17,B16004_017,"Speak English ""not well""",NA,0,0,0,,,,,
354,B16004,18,B16004_018,"Speak English ""not at all""",NA,0,0,0,,,,,
355,B16004,19,B16004_019,Speak other languages:,NA,0,0,1,POP,Language,Speak_other_languages,1,
356,B16004,20,B16004_020,"Speak English ""very well""",NA,0,0,0,,,,,
357,B16004,21,B16004_021,"Speak English ""well""",NA,0,0,0,,,,,
358,B16004,22,B16004_022,"Speak English ""not well""",NA,0,0,0,,,,,
359,B16004,23,B16004_023,"Speak English ""not at all""",NA,0,0,0,,,,,
360,B16004,24,B16004_024,18 to 64 years:,NA,0,0,0,,,,,
361,B16004,25,B16004_025,Speak only English,NA,0,0,0,,,,,
362,B16004,26,B16004_026,Speak Spanish:,NA,0,0,0,,,,,
363,B16004,27,B16004_027,"Speak English ""very well""",NA,0,0,0,,,,,
364,B16004,28,B16004_028,"Speak English ""well""",NA,0,0,0,,,,,
365,B16004,29,B16004_029,"Speak English ""not well""",NA,0,0,0,,,,,
366,B16004,30,B16004_030,"Speak English ""not at all""",NA,0,0,0,,,,,
367,B16004,31,B16004_031,Speak other Indo-European languages:,NA,0,0,1,POP,Language,Speak_other_Indo_European_languages,1,
368,B16004,32,B16004_032,"Speak English ""very well""",NA,0,0,0,,,,,
369,B16004,33,B16004_033,"Speak English ""well""",NA,0,0,0,,,,,
370,B16004,34,B16004_034,"Speak English ""not well""",NA,0,0,0,,,,,
371,B16004,35,B16004_035,"Speak English ""not at all""",NA,0,0,0,,,,,
372,B16004,36,B16004_036,Speak Asian and Pacific Island languages:,NA,0,0,1,POP,Language,Speak_Asian_and_Pacific_Island_languages,1,
373,B16004,37,B16004_037,"Speak English ""very well""",NA,0,0,0,,,,,
374,B16004,38,B16004_038,"Speak English ""well""",NA,0,0,0,,,,,
375,B16004,39,B16004_039,"Speak English ""not well""",NA,0,0,0,,,,,
376,B16004,40,B16004_040,"Speak English ""not at all""",NA,0,0,0,,,,,
377,B16004,41,B16004_041,Speak other languages:,NA,0,0,1,POP,Language,Speak_other_languages,1,
378,B16004,42,B16004_042,"Speak English ""very well""",NA,0,0,0,,,,,
379,B16004,43,B16004_043,"Speak English ""well""",NA,0,0,0,,,,,
380,B16004,44,B16004_044,"Speak English ""not well""",NA,0,0,0,,,,,
381,B16004,45,B16004_045,"Speak English ""not at all""",NA,0,0,0,,,,,
382,B16004,46,B16004_046,65 years and over:,NA,0,0,0,,,,,
383,B16004,47,B16004_047,Speak only English,NA,0,0,0,,,,,
384,B16004,48,B16004_048,Speak Spanish:,NA,0,0,0,,,,,
385,B16004,49,B16004_049,"Speak English ""very well""",NA,0,0,0,,,,,
386,B16004,50,B16004_050,"Speak English ""well""",NA,0,0,0,,,,,
387,B16004,51,B16004_051,"Speak English ""not well""",NA,0,0,0,,,,,
388,B16004,52,B16004_052,"Speak English ""not at all""",NA,0,0,0,,,,,
389,B16004,53,B16004_053,Speak other Indo-European languages:,NA,0,0,1,POP,Language,Speak_other_Indo_European_languages,1,
390,B16004,54,B16004_054,"Speak English ""very well""",NA,0,0,0,,,,,
391,B16004,55,B16004_055,"Speak English ""well""",NA,0,0,0,,,,,
392,B16004,56,B16004_056,"Speak English ""not well""",NA,0,0,0,,,,,
393,B16004,57,B16004_057,"Speak English ""not at all""",NA,0,0,0,,,,,
394,B16004,58,B16004_058,Speak Asian and Pacific Island languages:,NA,0,0,1,POP,Language,Speak_Asian_and_Pacific_Island_languages,1,
395,B16004,59,B16004_059,"Speak English ""very well""",NA,0,0,0,,,,,
396,B16004,60,B16004_060,"Speak English ""well""",NA,0,0,0,,,,,
397,B16004,61,B16004_061,"Speak English ""not well""",NA,0,0,0,,,,,
398,B16004,62,B16004_062,"Speak English ""not at all""",NA,0,0,0,,,,,
399,B16004,63,B16004_063,Speak other languages:,NA,0,0,1,POP,Language,Speak_other_languages,1,
400,B16004,64,B16004_064,"Speak English ""very well""",NA,0,0,0,,,,,
401,B16004,65,B16004_065,"Speak English ""well""",NA,0,0,0,,,,,
402,B16004,66,B16004_066,"Speak English ""not well""",NA,0,0,0,,,,,
403,B16004,67,B16004_067,"Speak English ""not at all""",NA,0,0,0,,,,,
404,C17002,,,RATIO OF INCOME TO POVERTY LEVEL IN THE PAST 12 MONTHS,"1,5",,,,,,,,
405,C17002,,,Universe:  Population for whom poverty status is determined,NA,,,,,,,,
406,C17002,1,C17002_001,Total:,NA,0,0,0,,,,,
407,C17002,2,C17002_002,Under .50,NA,0,0,1,ECONOMY,Wealth,Ratio_income_poverty_Under_.50,,
408,C17002,3,C17002_003,.50 to .99,NA,0,0,1,ECONOMY,Wealth,Ratio_income_poverty_.50_to_.99,,
409,C17002,4,C17002_004,1.00 to 1.24,NA,0,0,1,ECONOMY,Wealth,Ratio_income_poverty_1.00_to_1.24,,
410,C17002,5,C17002_005,1.25 to 1.49,NA,0,0,1,ECONOMY,Wealth,Ratio_income_poverty_1.25_to_1.49,,
411,C17002,6,C17002_006,1.50 to 1.84,NA,0,0,1,ECONOMY,Wealth,Ratio_income_poverty_1.50_to_1.84,,
412,C17002,7,C17002_007,1.85 to 1.99,NA,0,0,1,ECONOMY,Wealth,Ratio_income_poverty_1.85_to_1.99,,
413,C17002,8,C17002_008,2.00 and over,NA,0,0,1,ECONOMY,Wealth,Ratio_income_poverty_2.00_and_over,,
414,B19001,,,HOUSEHOLD INCOME IN THE PAST 12 MONTHS (IN 2019 INFLATION-ADJUSTED DOLLARS),"1,5",,,,,,,,
415,B19001,,,Universe:  Households,NA,,,,,,,,
416,B19001,1,B19001_001,Total:,NA,1,0,0,,,,,
417,B19001,2,B19001_002,"Less than $10,000",NA,1,1,1,ECONOMY,Wealth,Income_Less_than_$10_000,,
418,B19001,3,B19001_003,"$10,000 to $14,999",NA,1,1,1,ECONOMY,Wealth,Income_$10_000_to_$14_999,,
419,B19001,4,B19001_004,"$15,000 to $19,999",NA,1,1,1,ECONOMY,Wealth,Income_$15_000_to_$19_999,,
420,B19001,5,B19001_005,"$20,000 to $24,999",NA,1,1,1,ECONOMY,Wealth,Income_$20_000_to_$24_999,,
421,B19001,6,B19001_006,"$25,000 to $29,999",NA,1,1,1,ECONOMY,Wealth,Income_$25_000_to_$29_999,,
422,B19001,7,B19001_007,"$30,000 to $34,999",NA,1,1,1,ECONOMY,Wealth,Income_$30_000_to_$34_999,,
423,B19001,8,B19001_008,"$35,000 to $39,999",NA,1,1,1,ECONOMY,Wealth,Income_$35_000_to_$39_999,,
424,B19001,9,B19001_009,"$40,000 to $44,999",NA,1,1,1,ECONOMY,Wealth,Income_$40_000_to_$44_999,,
425,B19001,10,B19001_010,"$45,000 to $49,999",NA,1,1,1,ECONOMY,Wealth,Income_$45_000_to_$49_999,,
426,B19001,11,B19001_011,"$50,000 to $59,999",NA,1,1,1,ECONOMY,Wealth,Income_$50_000_to_$59_999,,
427,B19001,12,B19001_012,"$60,000 to $74,999",NA,1,1,1,ECONOMY,Wealth,Income_$60_000_to_$74_999,,
428,B19001,13,B19001_013,"$75,000 to $99,999",NA,1,1,1,ECONOMY,Wealth,Income_$75_000_to_$99_999,,
429,B19001,14,B19001_014,"$100,000 to $124,999",NA,1,1,1,ECONOMY,Wealth,Income_$100_000_to_$124_999,,
430,B19001,15,B19001_015,"$125,000 to $149,999",NA,1,1,1,ECONOMY,Wealth,Income_$125_000_to_$149_999,,
431,B19001,16,B19001_016,"$150,000 to $199,999",NA,1,1,1,ECONOMY,Wealth,Income_$150_000_to_$199_999,,
432,B19001,17,B19001_017,"$200,000 or more",NA,1,1,1,ECONOMY,Wealth,Income_$200_000_or_more,,
433,B19058,,,PUBLIC ASSISTANCE INCOME OR FOOD STAMPS/SNAP IN THE PAST 12 MONTHS FOR HOUSEHOLDS,"1,5",,,,,,,,
434,B19058,,,Universe:  Households,NA,,,,,,,,
435,B19058,1,B19058_001,Total:,NA,1,0,0,,,,,
436,B19058,2,B19058_002,With cash public assistance or Food Stamps/SNAP,NA,1,1,0,,,,,High correlation with other poverty measures
437,B19058,3,B19058_003,No cash public assistance or Food Stamps/SNAP,NA,1,0,0,,,,,
438,B19059,,,RETIREMENT INCOME IN THE PAST 12 MONTHS FOR HOUSEHOLDS,"1,5",,,,,,,,
439,B19059,,,Universe:  Households,NA,,,,,,,,
440,B19059,1,B19059_001,Total:,NA,1,0,0,,,,,
441,B19059,2,B19059_002,With retirement income,NA,1,1,1,ECONOMY,Wealth,With_Retirement_Income,,
442,B19059,3,B19059_003,No retirement income,NA,1,0,0,,,,,
443,B22010,,,RECEIPT OF FOOD STAMPS/SNAP IN THE PAST 12 MONTHS BY DISABILITY STATUS FOR HOUSEHOLDS,"1,5",0,0,0,,,,,
444,B22010,,,Universe:  Households,NA,0,0,0,,,,,
445,B22010,1,B22010_001,Total:,NA,0,0,0,,,,,
446,B22010,2,B22010_002,Household received Food Stamps/SNAP in the past 12 months:,NA,0,0,0,,,,,
447,B22010,3,B22010_003,Households with 1 or more persons with a disability,NA,0,0,1,ECONOMY,Wealth,Food_Stamp_Disabled,,
448,B22010,4,B22010_004,Households with no persons with a disability,NA,0,0,0,,,,,
449,B22010,5,B22010_005,Household did not receive Food Stamps/SNAP in the past 12 months:,NA,0,0,0,,,,,
450,B22010,6,B22010_006,Households with 1 or more persons with a disability,NA,0,0,0,,,,,
451,B22010,7,B22010_007,Households with no persons with a disability,NA,0,0,0,,,,,
452,B23024,,,POVERTY STATUS IN THE PAST 12 MONTHS BY DISABILITY STATUS BY EMPLOYMENT STATUS FOR THE POPULATION 20 TO 64 YEARS,"1,5",0,0,0,,,,,
453,B23024,,,Universe:  Population 20 to 64 years for whom poverty status is determined,NA,0,0,0,,,,,
454,B23024,1,B23024_001,Total:,NA,0,0,0,,,,,
455,B23024,2,B23024_002,Income in the past 12 months below poverty level:,NA,0,0,1,ECONOMY,Wealth,Income_below_poverty_line,,
456,B23024,3,B23024_003,With a disability:,NA,0,0,0,,,,,
457,B23024,4,B23024_004,In labor force:,NA,0,0,0,,,,,
458,B23024,5,B23024_005,In Armed Forces,NA,0,0,0,,,,,
459,B23024,6,B23024_006,Civilian:,NA,0,0,0,,,,,
460,B23024,7,B23024_007,Employed,NA,0,0,0,,,,,
461,B23024,8,B23024_008,Unemployed,NA,0,0,0,,,,,
462,B23024,9,B23024_009,Not in labor force,NA,0,0,0,,,,,
463,B23024,10,B23024_010,No disability:,NA,0,0,0,,,,,
464,B23024,11,B23024_011,In labor force:,NA,0,0,0,,,,,
465,B23024,12,B23024_012,In Armed Forces,NA,0,0,0,,,,,
466,B23024,13,B23024_013,Civilian:,NA,0,0,0,,,,,
467,B23024,14,B23024_014,Employed,NA,0,0,0,,,,,
468,B23024,15,B23024_015,Unemployed,NA,0,0,0,,,,,
469,B23024,16,B23024_016,Not in labor force,NA,0,0,0,,,,,
470,B23024,17,B23024_017,Income in the past 12 months at or above poverty level:,NA,0,0,0,,,,,
471,B23024,18,B23024_018,With a disability:,NA,0,0,0,,,,,
472,B23024,19,B23024_019,In labor force:,NA,0,0,0,,,,,
473,B23024,20,B23024_020,In Armed Forces,NA,0,0,0,,,,,
474,B23024,21,B23024_021,Civilian:,NA,0,0,0,,,,,
475,B23024,22,B23024_022,Employed,NA,0,0,0,,,,,
476,B23024,23,B23024_023,Unemployed,NA,0,0,0,,,,,
477,B23024,24,B23024_024,Not in labor force,NA,0,0,0,,,,,
478,B23024,25,B23024_025,No disability:,NA,0,0,0,,,,,
479,B23024,26,B23024_026,In labor force:,NA,0,0,0,,,,,
480,B23024,27,B23024_027,In Armed Forces,NA,0,0,0,,,,,
481,B23024,28,B23024_028,Civilian:,NA,0,0,0,,,,,
482,B23024,29,B23024_029,Employed,NA,0,0,0,,,,,
483,B23024,30,B23024_030,Unemployed,NA,0,0,0,,,,,
484,B23024,31,B23024_031,Not in labor force,NA,0,0,0,,,,,
485,C24030,,,SEX BY INDUSTRY FOR THE CIVILIAN EMPLOYED POPULATION 16 YEARS AND OVER,"1,5",0,,,,,,,
486,C24030,,,Universe:  Civilian employed population 16 years and over,NA,0,,,,,,,
487,C24030,1,C24030_001,Total:,NA,0,0,0,,,,,
488,C24030,2,C24030_002,Male:,NA,0,0,0,,,,,
489,C24030,3,C24030_003,"Agriculture, forestry, fishing and hunting, and mining:",NA,0,0,1,ECONOMY,Employment,Agriculture_forestry_fishing_and_hunting_and_mining,1,
490,C24030,4,C24030_004,"Agriculture, forestry, fishing and hunting",NA,0,0,0,,,,,
491,C24030,5,C24030_005,"Mining, quarrying, and oil and gas extraction",NA,0,0,0,,,,,
492,C24030,6,C24030_006,Construction,NA,0,0,0,,,,,
493,C24030,7,C24030_007,Manufacturing,NA,0,0,0,,,,,
494,C24030,8,C24030_008,Wholesale trade,NA,0,0,0,,,,,
495,C24030,9,C24030_009,Retail trade,NA,0,0,0,,,,,
496,C24030,10,C24030_010,"Transportation and warehousing, and utilities:",NA,0,0,1,ECONOMY,Employment,Transportation_and_warehousing_and_utilities,1,
497,C24030,11,C24030_011,Transportation and warehousing,NA,0,0,0,,,,,
498,C24030,12,C24030_012,Utilities,NA,0,0,0,,,,,
499,C24030,13,C24030_013,Information,NA,0,0,0,,,,,
500,C24030,14,C24030_014,"Finance and insurance, and real estate, and rental and leasing:",NA,0,0,1,ECONOMY,Employment,Finance_and_insurance_and_real_estate_and_rental_and_leasing,1,
501,C24030,15,C24030_015,Finance and insurance,NA,0,0,0,,,,,
502,C24030,16,C24030_016,Real estate and rental and leasing,NA,0,0,0,,,,,
503,C24030,17,C24030_017,"Professional, scientific, and management, and administrative, and waste management services:",NA,0,0,0,,,,,
504,C24030,18,C24030_018,"Professional, scientific, and technical services",NA,0,0,1,ECONOMY,Employment,Professional_scientific_and_technical_services,1,
505,C24030,19,C24030_019,Management of companies and enterprises,NA,0,0,1,ECONOMY,Employment,Management_of_companies_and_enterprises,1,
506,C24030,20,C24030_020,Administrative and support and waste management services,NA,0,0,1,ECONOMY,Employment,Administrative_and_support_and_waste_management_services,1,
507,C24030,21,C24030_021,"Educational services, and health care and social assistance:",NA,0,0,1,ECONOMY,Employment,Educational_services_and_health_care_and_social_assistance,1,
508,C24030,22,C24030_022,Educational services,NA,0,0,0,,,,,
509,C24030,23,C24030_023,Health care and social assistance,NA,0,0,0,,,,,
510,C24030,24,C24030_024,"Arts, entertainment, and recreation, and accommodation and food services:",NA,0,0,1,ECONOMY,Employment,Arts_entertainment_and_recreation_and_accommodation_and_food_services,1,
511,C24030,25,C24030_025,"Arts, entertainment, and recreation",NA,0,0,0,,,,,
512,C24030,26,C24030_026,Accommodation and food services,NA,0,0,0,,,,,
513,C24030,27,C24030_027,"Other services, except public administration",NA,0,0,0,,,,,
514,C24030,28,C24030_028,Public administration,NA,0,0,0,,,,,
515,C24030,29,C24030_029,Female:,NA,0,0,0,,,,,
516,C24030,30,C24030_030,"Agriculture, forestry, fishing and hunting, and mining:",NA,0,0,1,ECONOMY,Employment,Agriculture_forestry_fishing_and_hunting_and_mining,1,
517,C24030,31,C24030_031,"Agriculture, forestry, fishing and hunting",NA,0,0,0,,,,,
518,C24030,32,C24030_032,"Mining, quarrying, and oil and gas extraction",NA,0,0,0,,,,,
519,C24030,33,C24030_033,Construction,NA,0,0,0,,,,,
520,C24030,34,C24030_034,Manufacturing,NA,0,0,0,,,,,
521,C24030,35,C24030_035,Wholesale trade,NA,0,0,0,,,,,
522,C24030,36,C24030_036,Retail trade,NA,0,0,0,,,,,
523,C24030,37,C24030_037,"Transportation and warehousing, and utilities:",NA,0,0,1,ECONOMY,Employment,Transportation_and_warehousing_and_utilities,1,
524,C24030,38,C24030_038,Transportation and warehousing,NA,0,0,0,,,,,
525,C24030,39,C24030_039,Utilities,NA,0,0,0,,,,,
526,C24030,40,C24030_040,Information,NA,0,0,0,,,,,
527,C24030,41,C24030_041,"Finance and insurance, and real estate, and rental and leasing:",NA,0,0,1,ECONOMY,Employment,Finance_and_insurance_and_real_estate_and_rental_and_leasing,1,
528,C24030,42,C24030_042,Finance and insurance,NA,0,0,0,,,,,
529,C24030,43,C24030_043,Real estate and rental and leasing,NA,0,0,0,,,,,
530,C24030,44,C24030_044,"Professional, scientific, and management, and administrative, and waste management services:",NA,0,0,0,,,,,
531,C24030,45,C24030_045,"Professional, scientific, and technical services",NA,0,0,1,ECONOMY,Employment,Professional_scientific_and_technical_services,1,
532,C24030,46,C24030_046,Management of companies and enterprises,NA,0,0,1,ECONOMY,Employment,Management_of_companies_and_enterprises,1,
533,C24030,47,C24030_047,Administrative and support and waste management services,NA,0,0,1,ECONOMY,Employment,Administrative_and_support_and_waste_management_services,1,
534,C24030,48,C24030_048,"Educational services, and health care and social assistance:",NA,0,0,1,ECONOMY,Employment,Educational_services_and_health_care_and_social_assistance,1,
535,C24030,49,C24030_049,Educational services,NA,0,0,0,,,,,
536,C24030,50,C24030_050,Health care and social assistance,NA,0,0,0,,,,,
537,C24030,51,C24030_051,"Arts, entertainment, and recreation, and accommodation and food services:",NA,0,0,1,ECONOMY,Employment,Arts_entertainment_and_recreation_and_accommodation_and_food_services,1,
538,C24030,52,C24030_052,"Arts, entertainment, and recreation",NA,0,0,0,,,,,
539,C24030,53,C24030_053,Accommodation and food services,NA,0,0,0,,,,,
540,C24030,54,C24030_054,"Other services, except public administration",NA,0,0,0,,,,,
541,C24030,55,C24030_055,Public administration,NA,0,0,0,,,,,
542,B25001,,,HOUSING UNITS,"1,5",,,,,,,,
543,B25001,,,Universe:  Housing units,NA,,,,,,,,
544,B25001,1,B25001_001,Total,NA,0,0,0,,,,,
545,B25002,,,OCCUPANCY STATUS,"1,5",,,,,,,,
546,B25002,,,Universe:  Housing units,NA,,,,,,,,
547,B25002,1,B25002_001,Total:,NA,1,0,0,,,,,
548,B25002,2,B25002_002,Occupied,NA,1,0,0,,,,,
549,B25002,3,B25002_003,Vacant,NA,1,1,1,ENVIRONMENT,Occupancy,Vacant_Housing,,
550,B25003,,,TENURE,"1,5",,,,,,,,
551,B25003,,,Universe:  Occupied housing units,NA,,,,,,,,
552,B25003,1,B25003_001,Total:,NA,1,0,0,,,,,
553,B25003,2,B25003_002,Owner occupied,NA,1,0,1,ENVIRONMENT,Tenure,Owner_Housing,,
554,B25003,3,B25003_003,Renter occupied,NA,1,1,1,ENVIRONMENT,Tenure,Rented_Housing,,
555,B25004,,,VACANCY STATUS,"1,5",,,,,,,,
556,B25004,,,Universe:  Vacant housing units,NA,,,,,,,,
557,B25004,1,B25004_001,Total:,NA,0,0,0,,,,,
558,B25004,2,B25004_002,For rent,NA,0,0,1,ENVIRONMENT,Vacant Units,For_rent,,
559,B25004,3,B25004_003,"Rented, not occupied",NA,0,0,0,,,,,
560,B25004,4,B25004_004,For sale only,NA,0,0,1,ENVIRONMENT,Vacant Units,For_sale_only,,
561,B25004,5,B25004_005,"Sold, not occupied",NA,0,0,0,,,,,
562,B25004,6,B25004_006,"For seasonal, recreational, or occasional use",NA,0,0,1,ENVIRONMENT,Vacant Units,For_seasonal_recreational_or_occasional_use,,
563,B25004,7,B25004_007,For migrant workers,NA,0,0,1,ENVIRONMENT,Vacant Units,For_migrant_workers,,
564,B25004,8,B25004_008,Other vacant,NA,0,0,0,,,,,
565,B25017,,,ROOMS,"1,5",,,,,,,,
566,B25017,,,Universe:  Housing units,NA,,,,,,,,
567,B25017,1,B25017_001,Total:,NA,0,0,0,,,,,
568,B25017,2,B25017_002,1 room,NA,0,0,1,ENVIRONMENT,Unit Size,1_room,,
569,B25017,3,B25017_003,2 rooms,NA,0,0,1,ENVIRONMENT,Unit Size,2_rooms,,
570,B25017,4,B25017_004,3 rooms,NA,0,0,1,ENVIRONMENT,Unit Size,3_rooms,,
571,B25017,5,B25017_005,4 rooms,NA,0,0,1,ENVIRONMENT,Unit Size,4_rooms,,
572,B25017,6,B25017_006,5 rooms,NA,0,0,1,ENVIRONMENT,Unit Size,5_rooms,,
573,B25017,7,B25017_007,6 rooms,NA,0,0,1,ENVIRONMENT,Unit Size,6_rooms,,
574,B25017,8,B25017_008,7 rooms,NA,0,0,1,ENVIRONMENT,Unit Size,7_rooms,,
575,B25017,9,B25017_009,8 rooms,NA,0,0,1,ENVIRONMENT,Unit Size,8_rooms,,
576,B25017,10,B25017_010,9 or more rooms,NA,0,0,1,ENVIRONMENT,Unit Size,9_or_more_rooms,,
577,B25018,,,MEDIAN NUMBER OF ROOMS,"1,5",,,,,,,,
578,B25018,,,Universe:  Housing units,NA,,,,,,,,
579,B25018,1,B25018_001,Median number of rooms,NA,0,0,0,,,,,
580,B25024,,,UNITS IN STRUCTURE,"1,5",,,,,,,,
581,B25024,,,Universe:  Housing units,NA,,,,,,,,
582,B25024,1,B25024_001,Total:,NA,1,0,0,,,,,
583,B25024,2,B25024_002,"1, detached",NA,1,1,1,ENVIRONMENT,Structure type,Housing_Unit_1_detached,,
584,B25024,3,B25024_003,"1, attached",NA,1,1,1,ENVIRONMENT,Structure type,Housing_Unit_1_attached,,
585,B25024,4,B25024_004,2,NA,1,1,1,ENVIRONMENT,Structure type,Housing_Unit_2,,
586,B25024,5,B25024_005,3 or 4,NA,1,1,1,ENVIRONMENT,Structure type,Housing_Unit_3_or_4,,
587,B25024,6,B25024_006,5 to 9,NA,1,1,1,ENVIRONMENT,Structure type,Housing_Unit_5_to_9,,
588,B25024,7,B25024_007,10 to 19,NA,1,1,1,ENVIRONMENT,Structure type,Housing_Unit_10_to_19,,
589,B25024,8,B25024_008,20 to 49,NA,1,1,1,ENVIRONMENT,Structure type,Housing_Unit_20_to_49,,
590,B25024,9,B25024_009,50 or more,NA,1,1,1,ENVIRONMENT,Structure type,Housing_Unit_50_or_more,,
591,B25024,10,B25024_010,Mobile home,NA,1,1,1,ENVIRONMENT,Structure type,Housing_Unit_Mobile_home,,
592,B25024,11,B25024_011,"Boat, RV, van, etc.",NA,1,0,0,,,,,
593,B25034,,,YEAR STRUCTURE BUILT,"1,5",,,,,,,,
594,B25034,,,Universe:  Housing units,NA,,,,,,,,
595,B25034,1,B25034_001,Total:,NA,1,0,0,,,,,
596,B25034,2,B25034_002,Built 2014 or later,NA,1,1,1,ENVIRONMENT,Building age,Built_2014_or_later,,
597,B25034,3,B25034_003,Built 2010 to 2013,NA,1,1,1,ENVIRONMENT,Building age,Built_2010_to_2013,,
598,B25034,4,B25034_004,Built 2000 to 2009,NA,1,0,1,ENVIRONMENT,Building age,Built_2000_to_2009,,
599,B25034,5,B25034_005,Built 1990 to 1999,NA,1,0,1,ENVIRONMENT,Building age,Built_1990_to_1999,,
600,B25034,6,B25034_006,Built 1980 to 1989,NA,1,0,1,ENVIRONMENT,Building age,Built_1980_to_1989,,
601,B25034,7,B25034_007,Built 1970 to 1979,NA,1,0,1,ENVIRONMENT,Building age,Built_1970_to_1979,,
602,B25034,8,B25034_008,Built 1960 to 1969,NA,1,0,1,ENVIRONMENT,Building age,Built_1960_to_1969,,
603,B25034,9,B25034_009,Built 1950 to 1959,NA,1,0,1,ENVIRONMENT,Building age,Built_1950_to_1959,,
604,B25034,10,B25034_010,Built 1940 to 1949,NA,1,1,1,ENVIRONMENT,Building age,Built_1940_to_1949,,
605,B25034,11,B25034_011,Built 1939 or earlier,NA,1,0,1,ENVIRONMENT,Building age,Built_1939_or_earlier,,
606,B25041,,,BEDROOMS,"1,5",,,,,,,,
607,B25041,,,Universe:  Housing units,NA,,,,,,,,
608,B25041,1,B25041_001,Total:,NA,0,0,0,,,,,
609,B25041,2,B25041_002,No bedroom,NA,0,0,1,ENVIRONMENT,Accommodation size,No_bedroom,,
610,B25041,3,B25041_003,1 bedroom,NA,0,0,1,ENVIRONMENT,Accommodation size,1_bedroom,,
611,B25041,4,B25041_004,2 bedrooms,NA,0,0,1,ENVIRONMENT,Accommodation size,2_bedrooms,,
612,B25041,5,B25041_005,3 bedrooms,NA,0,0,1,ENVIRONMENT,Accommodation size,3_bedrooms,,
613,B25041,6,B25041_006,4 bedrooms,NA,0,0,1,ENVIRONMENT,Accommodation size,4_bedrooms,,
614,B25041,7,B25041_007,5 or more bedrooms,NA,0,0,1,ENVIRONMENT,Accommodation size,5_or_more_bedrooms,,
615,B25056,,,CONTRACT RENT,"1,5",,,,,,,,
616,B25056,,,Universe:  Renter-occupied housing units,NA,,,,,,,,
617,B25056,1,B25056_001,Total:,NA,0,0,0,,,,,
618,B25056,2,B25056_002,With cash rent:,NA,0,0,0,,,,,
619,B25056,3,B25056_003,Less than $100,NA,0,0,1,ENVIRONMENT,Rent,Less_than_100,,
620,B25056,4,B25056_004,$100 to $149,NA,0,0,1,ENVIRONMENT,Rent,Rent_dollar_100_to_149,,
621,B25056,5,B25056_005,$150 to $199,NA,0,0,1,ENVIRONMENT,Rent,Rent_dollar_150_to_199,,
622,B25056,6,B25056_006,$200 to $249,NA,0,0,1,ENVIRONMENT,Rent,Rent_dollar_200_to_249,,
623,B25056,7,B25056_007,$250 to $299,NA,0,0,1,ENVIRONMENT,Rent,Rent_dollar_250_to_299,,
624,B25056,8,B25056_008,$300 to $349,NA,0,0,1,ENVIRONMENT,Rent,Rent_dollar_300_to_349,,
625,B25056,9,B25056_009,$350 to $399,NA,0,0,1,ENVIRONMENT,Rent,Rent_dollar_350_to_399,,
626,B25056,10,B25056_010,$400 to $449,NA,0,0,1,ENVIRONMENT,Rent,Rent_dollar_400_to_449,,
627,B25056,11,B25056_011,$450 to $499,NA,0,0,1,ENVIRONMENT,Rent,Rent_dollar_450_to_499,,
628,B25056,12,B25056_012,$500 to $549,NA,0,0,1,ENVIRONMENT,Rent,Rent_dollar_500_to_549,,
629,B25056,13,B25056_013,$550 to $599,NA,0,0,1,ENVIRONMENT,Rent,Rent_dollar_550_to_599,,
630,B25056,14,B25056_014,$600 to $649,NA,0,0,1,ENVIRONMENT,Rent,Rent_dollar_600_to_649,,
631,B25056,15,B25056_015,$650 to $699,NA,0,0,1,ENVIRONMENT,Rent,Rent_dollar_650_to_699,,
632,B25056,16,B25056_016,$700 to $749,NA,0,0,1,ENVIRONMENT,Rent,Rent_dollar_700_to_749,,
633,B25056,17,B25056_017,$750 to $799,NA,0,0,1,ENVIRONMENT,Rent,Rent_dollar_750_to_799,,
634,B25056,18,B25056_018,$800 to $899,NA,0,0,1,ENVIRONMENT,Rent,Rent_dollar_800_to_899,,
635,B25056,19,B25056_019,$900 to $999,NA,0,0,1,ENVIRONMENT,Rent,Rent_dollar_900_to_999,,
636,B25056,20,B25056_020,"$1,000 to $1,249",NA,0,0,1,ENVIRONMENT,Rent,"Rent_dollar_1,000_to_1,249",,
637,B25056,21,B25056_021,"$1,250 to $1,499",NA,0,0,1,ENVIRONMENT,Rent,"Rent_dollar_1,250_to_1,499",,
638,B25056,22,B25056_022,"$1,500 to $1,999",NA,0,0,1,ENVIRONMENT,Rent,"Rent_dollar_1,500_to_1,999",,
639,B25056,23,B25056_023,"$2,000 to $2,499",NA,0,0,1,ENVIRONMENT,Rent,"Rent_dollar_2,000_to_2,499",,
640,B25056,24,B25056_024,"$2,500 to $2,999",NA,0,0,1,ENVIRONMENT,Rent,"Rent_dollar_2,500_to_2,999",,
641,B25056,25,B25056_025,"$3,000 to $3,499",NA,0,0,1,ENVIRONMENT,Rent,"Rent_dollar_3,000_to_3,499",,
642,B25056,26,B25056_026,"$3,500 or more",NA,0,0,1,ENVIRONMENT,Rent,"Rent_dollar_3,500_or_more",,
643,B25056,27,B25056_027,No cash rent,NA,0,0,0,,,,,
644,B25064,,,MEDIAN GROSS RENT (DOLLARS),"1,5",,,,,,,,
645,B25064,,,Universe:  Renter-occupied housing units paying cash rent,NA,,,,,,,,
646,B25064,1,B25064_001,Median gross rent,NA,1,1,1,ENVIRONMENT,Housing Cost,Median_gross_rent,,
647,B25068,,,BEDROOMS BY GROSS RENT,"1,5",,,,,,,,
648,B25068,,,Universe:  Renter-occupied housing units,NA,,,,,,,,
649,B25068,1,B25068_001,Total:,NA,0,0,0,,,,,
650,B25068,2,B25068_002,No bedroom:,NA,0,0,0,,,,,
651,B25068,3,B25068_003,With cash rent:,NA,0,0,0,,,,,
652,B25068,4,B25068_004,Less than $300,NA,0,0,0,,,,,
653,B25068,5,B25068_005,$300 to $499,NA,0,0,0,,,,,
654,B25068,6,B25068_006,$500 to $749,NA,0,0,0,,,,,
655,B25068,7,B25068_007,$750 to $999,NA,0,0,0,,,,,
656,B25068,8,B25068_008,"$1,000 to $1,499",NA,0,0,0,,,,,
657,B25068,9,B25068_009,"$1,500 or more",NA,0,0,0,,,,,
658,B25068,10,B25068_010,No cash rent,NA,0,0,0,,,,,
659,B25068,11,B25068_011,1 bedroom:,NA,0,0,0,,,,,
660,B25068,12,B25068_012,With cash rent:,NA,0,0,0,,,,,
661,B25068,13,B25068_013,Less than $300,NA,0,0,0,,,,,
662,B25068,14,B25068_014,$300 to $499,NA,0,0,0,,,,,
663,B25068,15,B25068_015,$500 to $749,NA,0,0,0,,,,,
664,B25068,16,B25068_016,$750 to $999,NA,0,0,0,,,,,
665,B25068,17,B25068_017,"$1,000 to $1,499",NA,0,0,0,,,,,
666,B25068,18,B25068_018,"$1,500 or more",NA,0,0,0,,,,,
667,B25068,19,B25068_019,No cash rent,NA,0,0,0,,,,,
668,B25068,20,B25068_020,2 bedrooms:,NA,0,0,0,,,,,
669,B25068,21,B25068_021,With cash rent:,NA,0,0,0,,,,,
670,B25068,22,B25068_022,Less than $300,NA,0,0,0,,,,,
671,B25068,23,B25068_023,$300 to $499,NA,0,0,0,,,,,
672,B25068,24,B25068_024,$500 to $749,NA,0,0,0,,,,,
673,B25068,25,B25068_025,$750 to $999,NA,0,0,0,,,,,
674,B25068,26,B25068_026,"$1,000 to $1,499",NA,0,0,0,,,,,
675,B25068,27,B25068_027,"$1,500 or more",NA,0,0,0,,,,,
676,B25068,28,B25068_028,No cash rent,NA,0,0,0,,,,,
677,B25068,29,B25068_029,3 or more bedrooms:,NA,0,0,0,,,,,
678,B25068,30,B25068_030,With cash rent:,NA,0,0,0,,,,,
679,B25068,31,B25068_031,Less than $300,NA,0,0,0,,,,,
680,B25068,32,B25068_032,$300 to $499,NA,0,0,0,,,,,
681,B25068,33,B25068_033,$500 to $749,NA,0,0,0,,,,,
682,B25068,34,B25068_034,$750 to $999,NA,0,0,0,,,,,
683,B25068,35,B25068_035,"$1,000 to $1,499",NA,0,0,0,,,,,
684,B25068,36,B25068_036,"$1,500 or more",NA,0,0,0,,,,,
685,B25068,37,B25068_037,No cash rent,NA,0,0,0,,,,,
686,B25070,,,GROSS RENT AS A PERCENTAGE OF HOUSEHOLD INCOME IN THE PAST 12 MONTHS,"1,5",,,,,,,,
687,B25070,,,Universe:  Renter-occupied housing units,NA,,,,,,,,
688,B25070,1,B25070_001,Total:,NA,0,0,0,,,,,
689,B25070,2,B25070_002,Less than 10.0 percent,NA,0,0,1,ENVIRONMENT,Housing Cost,Rent_as_pct_income_Less_than_10.0_percent,,
690,B25070,3,B25070_003,10.0 to 14.9 percent,NA,0,0,1,ENVIRONMENT,Housing Cost,Rent_as_pct_income_10.0_to_14.9_percent,,
691,B25070,4,B25070_004,15.0 to 19.9 percent,NA,0,0,1,ENVIRONMENT,Housing Cost,Rent_as_pct_income_15.0_to_19.9_percent,,
692,B25070,5,B25070_005,20.0 to 24.9 percent,NA,0,0,1,ENVIRONMENT,Housing Cost,Rent_as_pct_income_20.0_to_24.9_percent,,
693,B25070,6,B25070_006,25.0 to 29.9 percent,NA,0,0,1,ENVIRONMENT,Housing Cost,Rent_as_pct_income_25.0_to_29.9_percent,,
694,B25070,7,B25070_007,30.0 to 34.9 percent,NA,0,0,1,ENVIRONMENT,Housing Cost,Rent_as_pct_income_30.0_to_34.9_percent,,
695,B25070,8,B25070_008,35.0 to 39.9 percent,NA,0,0,1,ENVIRONMENT,Housing Cost,Rent_as_pct_income_35.0_to_39.9_percent,,
696,B25070,9,B25070_009,40.0 to 49.9 percent,NA,0,0,1,ENVIRONMENT,Housing Cost,Rent_as_pct_income_40.0_to_49.9_percent,,
697,B25070,10,B25070_010,50.0 percent or more,NA,0,0,1,ENVIRONMENT,Housing Cost,Rent_as_pct_income_50.0_percent_or_more,,
698,B25070,11,B25070_011,Not computed,NA,0,0,0,,,,,
699,B25076,,,LOWER VALUE QUARTILE (DOLLARS),"1,5",,,,,,,,
700,B25076,,,Universe:  Owner-occupied housing units,NA,,,,,,,,
701,B25076,1,B25076_001,Lower value quartile (dollars),NA,1,1,1,ENVIRONMENT,Housing Cost,Home_value_Lower_value_quartile_(dollars),,
702,B25077,,,MEDIAN VALUE (DOLLARS),"1,5",,,,,,,,
703,B25077,,,Universe:  Owner-occupied housing units,NA,,,,,,,,
704,B25077,1,B25077_001,Median value (dollars),NA,1,1,1,ENVIRONMENT,Housing Cost,Home_value_Median_value_(dollars),,
705,B25078,,,UPPER VALUE QUARTILE (DOLLARS),"1,5",,,,,,,,
706,B25078,,,Universe:  Owner-occupied housing units,NA,,,,,,,,
707,B25078,1,B25078_001,Upper value quartile (dollars),NA,1,1,1,ENVIRONMENT,Housing Cost,Home_value_Upper_value_quartile_(dollars),,
708,B25085,,,PRICE ASKED,"1,5",,,,,,,,
709,B25085,,,"Universe:  Vacant-for-sale-only and sold, not occupied housing units",NA,,,,,,,,
710,B25085,1,B25085_001,Total:,NA,0,0,0,,,,,
711,B25085,2,B25085_002,"Less than $10,000",NA,0,0,0,,,,,
712,B25085,3,B25085_003,"$10,000 to $14,999",NA,0,0,0,,,,,
713,B25085,4,B25085_004,"$15,000 to $19,999",NA,0,0,0,,,,,
714,B25085,5,B25085_005,"$20,000 to $24,999",NA,0,0,0,,,,,
715,B25085,6,B25085_006,"$25,000 to $29,999",NA,0,0,0,,,,,
716,B25085,7,B25085_007,"$30,000 to $34,999",NA,0,0,0,,,,,
717,B25085,8,B25085_008,"$35,000 to $39,999",NA,0,0,0,,,,,
718,B25085,9,B25085_009,"$40,000 to $49,999",NA,0,0,0,,,,,
719,B25085,10,B25085_010,"$50,000 to $59,999",NA,0,0,0,,,,,
720,B25085,11,B25085_011,"$60,000 to $69,999",NA,0,0,0,,,,,
721,B25085,12,B25085_012,"$70,000 to $79,999",NA,0,0,0,,,,,
722,B25085,13,B25085_013,"$80,000 to $89,999",NA,0,0,0,,,,,
723,B25085,14,B25085_014,"$90,000 to $99,999",NA,0,0,0,,,,,
724,B25085,15,B25085_015,"$100,000 to $124,999",NA,0,0,0,,,,,
725,B25085,16,B25085_016,"$125,000 to $149,999",NA,0,0,0,,,,,
726,B25085,17,B25085_017,"$150,000 to $174,999",NA,0,0,0,,,,,
727,B25085,18,B25085_018,"$175,000 to $199,999",NA,0,0,0,,,,,
728,B25085,19,B25085_019,"$200,000 to $249,999",NA,0,0,0,,,,,
729,B25085,20,B25085_020,"$250,000 to $299,999",NA,0,0,0,,,,,
730,B25085,21,B25085_021,"$300,000 to $399,999",NA,0,0,0,,,,,
731,B25085,22,B25085_022,"$400,000 to $499,999",NA,0,0,0,,,,,
732,B25085,23,B25085_023,"$500,000 to $749,999",NA,0,0,0,,,,,
733,B25085,24,B25085_024,"$750,000 to $999,999",NA,0,0,0,,,,,
734,B25085,25,B25085_025,"$1,000,000 to $1,499,999",NA,0,0,0,,,,,
735,B25085,26,B25085_026,"$1,500,000 to $1,999,999",NA,0,0,0,,,,,
736,B25085,27,B25085_027,"$2,000,000 or more",NA,0,0,0,,,,,
737,B25087,,,MORTGAGE STATUS AND SELECTED MONTHLY OWNER COSTS,"1,5",,,,,,,,
738,B25087,,,Universe:  Owner-occupied housing units,NA,,,,,,,,
739,B25087,1,B25087_001,Total:,NA,0,0,0,,,,,
740,B25087,2,B25087_002,Housing units with a mortgage:,NA,0,0,0,,,,,
741,B25087,3,B25087_003,Less than $200,NA,0,0,0,,,,,
742,B25087,4,B25087_004,$200 to $299,NA,0,0,0,,,,,
743,B25087,5,B25087_005,$300 to $399,NA,0,0,0,,,,,
744,B25087,6,B25087_006,$400 to $499,NA,0,0,0,,,,,
745,B25087,7,B25087_007,$500 to $599,NA,0,0,0,,,,,
746,B25087,8,B25087_008,$600 to $699,NA,0,0,0,,,,,
747,B25087,9,B25087_009,$700 to $799,NA,0,0,0,,,,,
748,B25087,10,B25087_010,$800 to $899,NA,0,0,0,,,,,
749,B25087,11,B25087_011,$900 to $999,NA,0,0,0,,,,,
750,B25087,12,B25087_012,"$1,000 to $1,249",NA,0,0,0,,,,,
751,B25087,13,B25087_013,"$1,250 to $1,499",NA,0,0,0,,,,,
752,B25087,14,B25087_014,"$1,500 to $1,999",NA,0,0,0,,,,,
753,B25087,15,B25087_015,"$2,000 to $2,499",NA,0,0,0,,,,,
754,B25087,16,B25087_016,"$2,500 to $2,999",NA,0,0,0,,,,,
755,B25087,17,B25087_017,"$3,000 to $3,499",NA,0,0,0,,,,,
756,B25087,18,B25087_018,"$3,500 to $3,999",NA,0,0,0,,,,,
757,B25087,19,B25087_019,"$4,000 or more",NA,0,0,0,,,,,
758,B25087,20,B25087_020,Housing units without a mortgage:,NA,0,0,0,,,,,
759,B25087,21,B25087_021,Less than $100,NA,0,0,0,,,,,
760,B25087,22,B25087_022,$100 to $149,NA,0,0,0,,,,,
761,B25087,23,B25087_023,$150 to $199,NA,0,0,0,,,,,
762,B25087,24,B25087_024,$200 to $249,NA,0,0,0,,,,,
763,B25087,25,B25087_025,$250 to $299,NA,0,0,0,,,,,
764,B25087,26,B25087_026,$300 to $349,NA,0,0,0,,,,,
765,B25087,27,B25087_027,$350 to $399,NA,0,0,0,,,,,
766,B25087,28,B25087_028,$400 to $499,NA,0,0,0,,,,,
767,B25087,29,B25087_029,$500 to $599,NA,0,0,0,,,,,
768,B25087,30,B25087_030,$600 to $699,NA,0,0,0,,,,,
769,B25087,31,B25087_031,$700 to $799,NA,0,0,0,,,,,
770,B25087,32,B25087_032,$800 to $899,NA,0,0,0,,,,,
771,B25087,33,B25087_033,$900 to $999,NA,0,0,0,,,,,
772,B25087,34,B25087_034,"$1000 to $1,099",NA,0,0,0,,,,,
773,B25087,35,B25087_035,"$1100 to $1,199",NA,0,0,0,,,,,
774,B25087,36,B25087_036,"$1200 to $1,299",NA,0,0,0,,,,,
775,B25087,37,B25087_037,"$1300 to $1,399",NA,0,0,0,,,,,
776,B25087,38,B25087_038,"$1400 to $1,499",NA,0,0,0,,,,,
777,B25087,39,B25087_039,"$1,500 or more",NA,0,0,0,,,,,
778,B25088,,,MEDIAN SELECTED MONTHLY OWNER COSTS (DOLLARS) BY MORTGAGE STATUS,,,,,,,,,
779,B25088,,,Universe:  Owner-occupied housing units,,,,,,,,,
780,B25088,0.5,,Median selected monthly owner costs (dollars) --,,,,,,,,,
781,B25088,1,B25088_001,Total:,NA,0,0,0,,,,,
782,B25088,2,B25088_002,Housing units with a mortgage (dollars),NA,0,0,0,,,,,
783,B25088,3,B25088_003,Housing units without a mortgage (dollars),NA,0,0,0,,,,,
784,B28001,,,TYPES OF COMPUTERS IN HOUSEHOLD,"1,5",,,,,,,,
785,B28001,,,Universe:  Households,NA,,,,,,,,
786,B28001,1,B28001_001,Total:,NA,0,0,0,,,,,
787,B28001,2,B28001_002,Has one or more types of computing devices:,NA,0,0,0,,,,,
788,B28001,3,B28001_003,Desktop or laptop,NA,0,0,0,,,,,
789,B28001,4,B28001_004,Desktop or laptop with no other type of computing device,NA,0,0,1,ECONOMY,Digital devices,Desktop_or_laptop_with_no_other_type_of_computing_device,,
790,B28001,5,B28001_005,Smartphone,NA,0,0,0,,,,,
791,B28001,6,B28001_006,Smartphone with no other type of computing device,NA,0,0,1,ECONOMY,Digital devices,Smartphone_with_no_other_type_of_computing_device,,
792,B28001,7,B28001_007,Tablet or other portable wireless computer,NA,0,0,0,,,,,
793,B28001,8,B28001_008,Tablet or other portable wireless computer with no other type of computing device,NA,0,0,1,ECONOMY,Digital devices,Tablet_or_other_portable_wireless_computer_with_no_other_type_of_computing_device,,
794,B28001,9,B28001_009,Other computer,NA,0,0,0,,,,,
795,B28001,10,B28001_010,Other computer with no other type of computing device,NA,0,0,0,,,,,
796,B28001,11,B28001_011,No Computer,NA,0,0,1,ECONOMY,Digital devices,No_Computer,,
797,B28002,,,PRESENCE AND TYPES OF INTERNET SUBSCRIPTIONS IN HOUSEHOLD,"1,5",,,,,,,,
798,B28002,,,Universe:  Households,NA,,,,,,,,
799,B28002,1,B28002_001,Total:,NA,0,0,0,,,,,
800,B28002,2,B28002_002,With an Internet subscription,NA,0,0,0,,,,,
801,B28002,3,B28002_003,Dial-up with no other type of Internet subscription,NA,0,0,1,ECONOMY,Digital connectivity,Dial_up_with_no_other_type_of_Internet_subscription,,
802,B28002,4,B28002_004,Broadband of any type,NA,0,0,0,,,,,
803,B28002,5,B28002_005,Cellular data plan,NA,0,0,0,,,,,
804,B28002,6,B28002_006,Cellular data plan with no other type of Internet subscription,NA,0,0,1,ECONOMY,Digital connectivity,Cellular_data_plan_with_no_other_type_of_Internet_subscription,,
805,B28002,7,B28002_007,"Broadband such as cable, fiber optic or DSL",NA,0,0,0,,,,,
806,B28002,8,B28002_008,"Broadband such as cable, fiber optic or DSL with no other type of Internet subscription",NA,0,0,1,ECONOMY,Digital connectivity,Broadband_such_as_cable_fiber_optic_or_DSL_with_no_other_type_of_Internet_subscription,,
807,B28002,9,B28002_009,Satellite Internet service,NA,0,0,1,ECONOMY,Digital connectivity,Satellite_Internet_service,,
808,B28002,10,B28002_010,Satellite Internet service with no other type of Internet subscription,NA,0,0,0,ECONOMY,Digital connectivity,Satellite_Internet_service_with_no_other_type_of_Internet_subscription,,
809,B28002,11,B28002_011,Other service with no other type of Internet subscription,NA,0,0,0,,,,,
810,B28002,12,B28002_012,Internet access without a subscription,NA,0,0,1,ECONOMY,Digital connectivity,Internet_access_without_a_subscription,,
811,B28002,13,B28002_013,No Internet access,NA,0,0,1,ECONOMY,Digital connectivity,No_Internet_access,,
812,B28005,,,AGE BY PRESENCE OF A COMPUTER AND TYPES OF INTERNET SUBSCRIPTION IN HOUSEHOLD,"1,5",,,,,,,,
813,B28005,,,Universe:  Population in Households,NA,,,,,,,,
814,B28005,1,B28005_001,Total:,NA,0,0,0,,,,,
815,B28005,2,B28005_002,Under 18 years:,NA,0,0,0,,,,,
816,B28005,3,B28005_003,Has a computer:,NA,0,0,0,,,,,
817,B28005,4,B28005_004,With dial-up Internet subscription alone,NA,0,0,0,,,,,
818,B28005,5,B28005_005,With a broadband Internet subscription,NA,0,0,1,ECONOMY,Digital connectivity,Under_18_With_a_broadband_Internet_subscription,,
819,B28005,6,B28005_006,Without an Internet subscription,NA,0,0,1,ECONOMY,Digital connectivity,Under_18_Without_an_Internet_subscription,,
820,B28005,7,B28005_007,No computer,NA,0,0,0,,,,,
821,B28005,8,B28005_008,18 to 64 years:,NA,0,0,0,,,,,
822,B28005,9,B28005_009,Has a computer:,NA,0,0,0,,,,,
823,B28005,10,B28005_010,With dial-up Internet subscription alone,NA,0,0,0,,,,,
824,B28005,11,B28005_011,With a broadband Internet subscription,NA,0,0,0,,,,,
825,B28005,12,B28005_012,Without an Internet subscription,NA,0,0,0,,,,,
826,B28005,13,B28005_013,No computer,NA,0,0,0,,,,,
827,B28005,14,B28005_014,65 years and over:,NA,0,0,0,,,,,
828,B28005,15,B28005_015,Has a computer:,NA,0,0,0,,,,,
829,B28005,16,B28005_016,With dial-up Internet subscription alone,NA,0,0,0,,,,,
830,B28005,17,B28005_017,With a broadband Internet subscription,NA,0,0,0,,,,,
831,B28005,18,B28005_018,Without an Internet subscription,NA,0,0,0,,,,,
832,B28005,19,B28005_019,No computer,NA,0,0,0,,,,,
833,B28010,,,COMPUTERS IN HOUSEHOLD,"1,5",,,,,,,,
834,B28010,,,Universe:  Households,NA,,,,,,,,
835,B28010,1,B28010_001,Total:,NA,0,0,0,,,,,
836,B28010,2,B28010_002,Has one or more types of computing devices:,NA,0,0,0,,,,,
837,B28010,3,B28010_003,Desktop or laptop,NA,0,0,0,,,,,
838,B28010,4,B28010_004,Desktop or laptop alone,NA,0,0,0,,,,,
839,B28010,5,B28010_005,"Smartphone, tablet or other portable wireless computer or other computer",NA,0,0,0,,,,,
840,B28010,6,B28010_006,"Smartphone, tablet or other portable wireless computer or other computer, no desktop or laptop",NA,0,0,0,,,,,
841,B28010,7,B28010_007,No Computer,NA,0,0,0,,,,,
842,B28011,,,INTERNET SUBSCRIPTIONS IN HOUSEHOLD,"1,5",,,,,,,,
843,B28011,,,Universe:  Households,NA,,,,,,,,
844,B28011,1,B28011_001,Total:,NA,0,0,0,,,,,
845,B28011,2,B28011_002,With an Internet subscription,NA,0,0,0,,,,,
846,B28011,3,B28011_003,Dial-up alone,NA,0,0,0,,,,,
847,B28011,4,B28011_004,"Broadband such as cable, fiber optic, or DSL",NA,0,0,0,,,,,
848,B28011,5,B28011_005,Satellite Internet service,NA,0,0,0,,,,,
849,B28011,6,B28011_006,Other service,NA,0,0,0,,,,,
850,B28011,7,B28011_007,Internet access without a subscription,NA,0,0,0,,,,,
851,B28011,8,B28011_008,No Internet access,NA,0,0,0,,,,,
